total_agg,avg_train_loss,avg_train_acc,test_loss,test_acc,time
1,1.6544937483564823,0.6431137724550898,2.3976879711151122,0.1204,47.213484048843384
2,1.251379959206832,0.6973684210526315,2.361453006362915,0.117,62.884820222854614
3,1.282773131754861,0.5040422885572139,2.3454859527587892,0.1175,71.92361307144165
4,0.6318505666334696,0.8151611619578193,2.332688659286499,0.1139,74.90286898612976
5,0.7863622436347867,0.6981101335940045,2.327019058227539,0.1108,77.92364001274109
