client_id,local_train_loss,local_train_acc,local_test_loss,local_test_acc,total_agg,staleness
0,1.6544937483564823,0.6431137724550898,1.656604555980888,0.6431137724550898,1,0.0
3,1.251379959206832,0.6973684210526315,1.2514791375712344,0.6973684210526315,2,1.0
2,1.282773131754861,0.5040422885572139,1.2836735515452142,0.5012437810945274,3,2.0
1,0.6318505666334696,0.8151611619578193,0.6355217312656453,0.8147632311977716,4,3.0
4,0.7863622436347867,0.6981101335940045,0.7848898435928566,0.6953405017921147,5,4.0
