total_agg,avg_train_loss,avg_train_acc,test_loss,test_acc,time
5,2.125539579460364,0.21422970329412255,2.289230517578125,0.1232,1765381513.152546
10,2.067390901607215,0.2516932726441187,2.227740880584717,0.1928,1765381574.768333
