client_id,local_train_loss,local_train_acc,local_test_loss,local_test_acc,total_agg,staleness
0,1.6829129286155016,0.6431137724550898,1.680375993465949,0.6431137724550898,1,0.0
3,1.2952874108364707,0.6967105263157894,1.2949309424350137,0.6967105263157894,2,1.0
2,1.2923389323315218,0.4832089552238806,1.2940062622525799,0.48445273631840796,3,2.0
1,0.6335132547075703,0.8145642658177477,0.6320832143302368,0.8137684042976522,4,3.0
4,0.7837741304857795,0.7145650048875856,0.7837085019458424,0.7122841316389703,5,4.0
