total_agg,avg_train_loss,avg_train_acc,test_loss,test_acc,time
1,1.6829129286155016,0.6431137724550898,2.3970310466766356,0.1202,47.96095037460327
2,1.2952874108364707,0.6967105263157894,2.3614195556640625,0.1178,62.37381196022034
3,1.2923389323315218,0.4832089552238806,2.345244867324829,0.1171,70.83825540542603
4,0.6335132547075703,0.8145642658177477,2.332397703552246,0.114,73.8123197555542
5,0.7837741304857795,0.7145650048875856,2.3266511310577394,0.1126,76.73547196388245
