client_id,local_train_loss,local_train_acc,local_test_loss,local_test_acc,total_agg,staleness
0,1.677881359768485,0.6431137724550898,1.6747689795351315,0.6431137724550898,1,0.0
3,1.2712199625216032,0.6973684210526315,1.273569977910895,0.6973684210526315,2,1.0
2,1.2893690499500257,0.5105721393034826,1.2914061611564598,0.5093283582089553,3,2.0
1,0.629671765213415,0.8153601273378432,0.6315614425988962,0.8155590927178671,4,3.0
4,0.782004524419268,0.7086999022482894,0.780684742449005,0.7088628217660475,5,4.0
