client_id,local_train_loss,local_train_acc,local_test_loss,local_test_acc,total_agg
3,0.000000,0.000000,5.361809,0.100000,0
2,0.000000,0.000000,8.417069,0.100000,1
4,0.000000,0.000000,7.224884,0.111500,2
0,0.000000,0.000000,7.183196,0.106600,3
1,0.000000,0.000000,2.583028,0.100000,4
