total_agg,avg_train_loss,avg_train_acc,test_loss,test_acc,time
20,0.000000,0.000000,2.303223,0.100000,15.908
20,0.000000,0.000000,2.303223,0.100000,32.961
20,0.000000,0.000000,2.303223,0.100000,46.906
20,0.000000,0.000000,2.303223,0.100000,54.864
20,0.000000,0.000000,2.303223,0.100000,72.958
20,0.000000,0.000000,2.303223,0.100000,76.918
