total_agg,avg_train_loss,avg_train_acc,test_loss,test_acc,time
0,0.000000,0.000000,2.303519,0.105600,22.086
5,0.000000,0.000000,2.302131,0.107100,37.036
