client_id,local_train_loss,local_train_acc,local_test_loss,local_test_acc,total_agg
3,0.000000,0.000000,3.608215,0.100000,0
2,0.000000,0.000000,10.433440,0.100000,1
0,0.000000,0.000000,5.194847,0.100000,2
4,0.000000,0.000000,5.766485,0.154700,3
1,0.000000,0.000000,2.468695,0.100000,4
5,0.000000,0.000000,7.305405,0.100000,5
6,0.000000,0.000000,9.021949,0.111900,6
8,0.000000,0.000000,2.910010,0.127300,7
7,0.000000,0.000000,16.247666,0.100000,8
9,0.000000,0.000000,4.478937,0.155900,9
