total_agg,avg_train_loss,avg_train_acc,test_loss,test_acc,time
1,1.883479,0.398596,3.925761,0.100000,23.088
1,0.000000,0.000000,3.925761,0.100000,21.756
3,0.000000,0.000000,2.303205,0.103100,37.059
4,1.639791,0.159176,2.302732,0.105200,51.472
0,0.000000,0.000000,2.303519,0.105600,21.971
2,1.637868,0.412912,2.309893,0.100100,39.515
3,2.053919,0.272869,2.297311,0.157900,52.991
4,1.847738,0.361055,2.286806,0.103200,66.517
4,0.000000,0.000000,2.286806,0.103200,81.480
