client_id,local_train_loss,local_train_acc,local_test_loss,local_test_acc,total_agg,staleness
4,2.2825464949564136,0.12475089677162216,2.2782355626297455,0.13312076524511757,1,0.0
0,2.2846125524048833,0.12635814889336017,2.2844234274666553,0.12756539235412476,2,1.0
2,2.2806825608026697,0.1347130027333073,2.27983600373661,0.13666536509176103,3,2.0
1,2.2848932804599884,0.11935483870967742,2.285557413101196,0.11330645161290323,4,3.0
3,2.2850904711564253,0.12612982744453574,2.285106833684415,0.12448644207066557,5,4.0
