total_agg,avg_train_loss,avg_train_acc,test_loss,test_acc,time
1,1.677881359768485,0.6431137724550898,2.3958488983154296,0.1206,48.5600380897522
2,1.2712199625216032,0.6973684210526315,2.360234899520874,0.1171,64.19137930870056
3,1.2893690499500257,0.5105721393034826,2.3448371726989747,0.1167,72.96339130401611
4,0.629671765213415,0.8153601273378432,2.3320935581207274,0.1127,75.95879983901978
5,0.782004524419268,0.7086999022482894,2.3264556900024416,0.11,79.00859355926514
