total_agg,avg_train_loss,avg_train_acc,test_loss,test_acc,time
200,0.000000,0.000000,1.808020,0.255000,5.623
200,0.000000,0.000000,1.808020,0.255000,8.931
200,0.000000,0.000000,1.808020,0.255000,12.101
200,0.000000,0.000000,1.808020,0.255000,15.891
200,0.000000,0.000000,1.808020,0.255000,20.264
200,0.000000,0.000000,1.808020,0.255000,24.629
200,0.000000,0.000000,1.808020,0.255000,26.682
200,0.000000,0.000000,1.808020,0.255000,27.515
200,0.000000,0.000000,1.808020,0.255000,29.052
